"","ID","Edad","Educacion","Años_empleo","Ingreso","Deuda.tarjeta","otra.deuda","Direccion"
"1",1,41,2,6,19,0.124,1.073,"NBA001"
"2",2,47,1,26,100,4.582,8.218,"NBA021"
"3",3,33,2,10,57,6.111,5.802,"NBA013"
"4",4,29,2,4,19,0.681,0.516,"NBA009"
"5",5,47,1,31,253,9.308,8.908,"NBA008"
"6",6,40,1,23,81,0.998,7.831,"NBA016"
"7",7,38,2,4,56,0.442,0.454,"NBA013"
"8",8,42,3,0,64,0.279,3.945,"NBA009"
"9",9,26,1,5,18,0.575,2.215,"NBA006"
"10",10,47,3,23,115,0.653,3.947,"NBA011"
"11",11,44,3,8,88,0.285,5.083,"NBA010"
"12",12,34,2,9,40,0.374,0.266,"NBA003"
"13",13,24,1,7,18,0.526,0.643,"NBA000"
"14",14,46,1,6,30,1.415,3.865,"NBA019"
"15",15,28,3,2,20,0.233,1.647,"NBA000"
"16",16,24,1,1,16,0.185,1.287,"NBA005"
"17",17,29,1,1,17,0.132,0.293,"NBA004"
"18",18,43,4,1,26,1.519,1.237,"NBA005"
"19",19,44,1,18,61,2.806,3.782,"NBA000"
"20",20,36,1,16,32,0.544,2.944,"NBA013"
"21",21,29,2,6,25,0.585,0.465,"NBA009"
"22",22,36,3,10,43,0.961,4.629,"NBA004"
"23",23,28,3,6,47,5.574,3.732,"NBA008"
"24",24,45,1,19,77,2.303,4.165,"NBA022"
"25",25,37,4,10,123,3.022,18.257,"NBA018"
"26",26,43,1,9,66,2.341,3.467,"NBA008"
"27",27,24,1,4,21,0.099,0.447,"NBA002"
"28",28,37,1,19,38,2.591,2.539,"NBA007"
"29",29,38,2,13,59,0.408,1.008,"NBA000"
"30",30,34,2,9,45,1.118,3.427,"NBA013"
"31",31,40,3,18,100,1.485,1.015,"NBA006"
"32",32,42,2,12,55,2.533,5.717,"NBA009"
"33",33,23,2,0,42,1.019,0.619,"NBA001"
"34",34,40,3,5,28,1.263,1.537,"NBA018"
"35",35,28,1,12,45,1.854,1.611,"NBA007"
"36",36,33,2,5,37,1.029,2.079,"NBA002"
"37",37,35,3,5,37,0.581,1.417,"NBA003"
"38",38,37,1,0,18,1.584,0.738,"NBA018"
"39",39,22,1,1,18,0.27,0.522,"NBA000"
"40",40,39,3,16,126,1.405,7.163,"NBA010"
"41",41,20,1,4,14,0.201,1.157,"NBA000"
"42",42,48,3,17,113,3.376,10.184,"NBA026"
"43",43,28,2,5,34,3.099,4.993,"NBA009"
"44",44,37,5,9,177,0.888,9.555,"NBA016"
"45",45,48,1,3,27,1.403,4.348,"NBA011"
"46",46,45,3,9,84,1.276,9.728,"NBA000"
"47",47,22,1,4,14,0.225,2.225,"NBA003"
"48",48,30,1,4,21,0.229,0.506,"NBA002"
"49",49,28,1,3,19,0.261,0.518,"NBA007"
"50",50,29,2,10,61,0.798,2.984,"NBA003"
"51",51,47,1,22,81,1.506,2.949,"NBA019"
"52",52,36,1,11,33,1.266,9.459,"NBA002"
"53",53,24,1,3,19,1.358,3.278,"NBA004"
"54",54,56,1,19,66,0.847,1.331,"NBA026"
"55",55,29,3,5,70,3.176,10.754,"NBA006"
"56",56,34,1,2,25,0.573,2.577,"NBA011"
"57",57,32,1,1,20,0.315,0.645,"NBA000"
"58",58,27,3,2,26,0.722,0.838,"NBA007"
"59",59,40,1,9,64,0.79,3.434,"NBA004"
"60",60,50,1,11,36,0.835,0.893,"NBA005"
"61",61,39,1,17,60,2.45,5.77,"NBA020"
"62",62,34,1,18,34,2.1,3.136,"NBA010"
"63",63,36,1,18,67,5.245,2.259,"NBA009"
"64",64,44,2,18,74,4.522,5.394,"NBA004"
"65",65,24,2,4,20,0.324,0.416,"NBA004"
"66",66,31,1,8,44,1.721,1.799,"NBA004"
"67",67,34,1,16,79,1.735,1.425,"NBA009"
"68",68,26,1,4,27,2.472,0.363,"NBA003"
"69",69,38,1,3,23,0.832,2.549,"NBA019"
"70",70,24,1,3,14,0.838,1.416,"NBA000"
"71",71,30,3,8,61,0.55,1.158,"NBA007"
"72",72,40,4,5,75,0.885,0.54,"NBA006"
"73",73,30,2,12,98,2.935,4.121,"NBA009"
"74",74,25,2,5,42,3.366,3.144,"NBA003"
"75",75,29,1,9,33,0.694,0.89,"NBA002"
"76",76,33,1,5,18,0.985,1.337,"NBA010"
"77",77,43,1,8,45,0.677,0.808,"NBA011"
"78",78,35,2,1,21,0.37,1.289,"NBA001"
"79",79,41,2,21,145,3.237,14.453,"NBA022"
"80",80,46,2,18,55,0.419,2.001,"NBA018"
"81",81,33,1,12,68,1.366,5.978,"NBA012"
"82",82,30,3,0,65,3.9,15.405,"NBA008"
"83",83,40,3,18,157,3.326,7.036,"NBA014"
"84",84,38,1,1,42,0.891,2.931,"NBA009"
"85",85,49,2,11,51,0.543,7.107,"NBA001"
"86",86,26,1,0,15,0.386,0.424,"NBA002"
"87",87,22,4,0,25,1.491,1.559,"NBA001"
"88",88,29,2,2,16,0.433,1.247,"NBA004"
"89",89,28,2,8,31,1.492,1.05,"NBA003"
"90",90,23,4,0,32,0.818,5.07,"NBA004"
"91",91,37,2,11,75,0.633,1.992,"NBA004"
"92",92,35,2,5,33,0.103,0.821,"NBA001"
"93",93,31,1,1,21,0.277,0.248,"NBA006"
"94",94,29,1,1,20,0.569,3.151,"NBA002"
"95",95,34,3,7,27,0.125,0.469,"NBA000"
"96",96,47,2,7,49,0.254,0.187,"NBA024"
"97",97,37,1,5,27,0.419,2.119,"NBA011"
"98",98,38,1,10,34,0.036,0.372,"NBA008"
"99",99,32,2,5,28,2.594,1.55,"NBA000"
"100",100,22,3,0,20,0.219,0.721,"NBA002"
"101",101,30,1,7,33,1.165,7.217,"NBA002"
"102",102,38,4,13,126,7.613,9.649,"NBA002"
"103",103,36,1,20,60,1.056,2.184,"NBA015"
"104",104,44,1,5,48,1.97,2.35,"NBA003"
"105",105,27,2,4,22,1.086,1.818,"NBA003"
"106",106,47,1,19,50,3.176,11.874,"NBA007"
"107",107,41,1,7,32,0.072,0.856,"NBA022"
"108",108,25,1,8,27,1.019,2.869,"NBA004"
"109",109,33,2,10,54,0.12,1.5,"NBA002"
"110",110,42,3,13,82,1.315,1.391,"NBA000"
"111",111,36,1,14,53,1.888,1.133,"NBA017"
"112",112,25,4,0,32,2.14,3.492,"NBA002"
"113",113,30,1,10,39,2.056,1.649,"NBA011"
"114",114,24,1,0,16,1.009,1.551,"NBA002"
"115",115,32,1,7,23,0.861,1.393,"NBA010"
"116",116,39,2,9,32,1.43,0.682,"NBA012"
"117",117,30,1,4,18,0.227,1.699,"NBA002"
"118",118,33,1,16,46,2.4,1.326,"NBA012"
"119",119,32,2,12,63,5.55,5.916,"NBA003"
"120",120,33,1,7,26,0.543,1.017,"NBA006"
"121",121,29,2,6,21,0.369,2.046,"NBA004"
"122",122,28,2,5,37,1.124,1.947,"NBA002"
"123",123,33,4,9,32,0.496,1.264,"NBA008"
"124",124,39,2,16,53,0.694,1.267,"NBA012"
"125",125,32,1,10,42,1.54,2.282,"NBA011"
"126",126,46,1,9,72,0.828,2.772,"NBA006"
"127",127,32,2,3,47,0.429,0.464,"NBA013"
"128",128,28,2,5,25,0.339,0.386,"NBA006"
"129",129,26,1,2,21,1.023,3.135,"NBA006"
"130",130,27,1,0,16,0.183,0.089,"NBA001"
"131",131,35,1,16,36,0.179,1.045,"NBA015"
"132",132,35,1,16,57,1.143,4.842,"NBA010"
"133",133,31,2,6,25,2.332,0.543,"NBA005"
"134",134,32,3,5,23,0.326,0.709,"NBA009"
"135",135,29,1,9,25,1.07,2.405,"NBA000"
"136",136,35,4,4,29,1.844,1.346,"NBA016"
"137",137,48,2,21,86,0.146,0.886,"NBA014"
"138",138,24,1,4,19,1.185,0.905,"NBA000"
"139",139,44,1,12,31,0.358,2.649,"NBA003"
"140",140,40,2,5,35,1.584,4.156,"NBA012"
"141",141,36,2,13,41,2.918,3.806,"NBA006"
"142",142,23,2,0,21,0.455,1.372,"NBA004"
"143",143,26,2,8,40,0.444,4.276,"NBA001"
"144",144,30,1,8,23,0.762,1.998,"NBA006"
"145",145,34,1,12,68,7.817,9.251,"NBA005"
"146",146,28,3,2,30,1.522,4.448,"NBA005"
"147",147,37,1,18,58,2.868,3.106,"NBA009"
"148",148,46,3,3,43,3.042,2.634,"NBA013"
"149",149,24,2,1,42,0.838,1.556,"NBA002"
"150",150,25,2,6,26,0.07,1.1,"NBA002"
"151",151,33,1,14,37,0.199,0.763,"NBA002"
"152",152,46,1,7,41,0.585,9.009,"NBA006"
"153",153,38,3,4,31,1.332,1.551,"NBA006"
"154",154,47,1,3,21,0.068,3.166,"NBA001"
"155",155,34,2,9,65,2.108,1.922,"NBA009"
"156",156,35,1,16,37,4.213,2.151,"NBA000"
"157",157,39,1,22,113,0.987,1.951,"NBA009"
"158",158,44,1,24,101,2.992,2.664,"NBA010"
"159",159,28,2,1,24,1.338,2.766,"NBA008"
"160",160,31,3,9,59,3.11,5.504,"NBA007"
"161",161,24,1,1,20,0.325,0.495,"NBA000"
"162",162,36,3,13,39,2.801,4.687,"NBA003"
"163",163,35,2,14,82,0.468,0.188,"NBA003"
"164",164,31,1,11,47,2.864,2.259,"NBA012"
"165",165,28,2,6,22,0.65,1.88,"NBA009"
"166",166,36,4,8,32,0.025,0.487,"NBA000"
"167",167,31,3,6,54,0.402,1.11,"NBA008"
"168",168,30,1,11,27,0.074,0.169,"NBA009"
"169",169,26,1,10,24,0.311,0.337,"NBA006"
"170",170,48,4,3,45,0.975,3.435,"NBA023"
"171",171,39,2,16,89,5.002,7.725,"NBA009"
"172",172,31,1,7,20,0.111,2.349,"NBA002"
"173",173,31,3,9,28,0.122,0.606,"NBA002"
"174",174,27,3,3,45,0.292,4.658,"NBA004"
"175",175,31,1,13,27,0.238,1.112,"NBA012"
"176",176,53,1,0,27,2.754,5.049,"NBA026"
"177",177,40,1,15,55,0.856,2.169,"NBA014"
"178",178,26,1,7,22,0.209,0.913,"NBA003"
"179",179,29,2,5,36,3.491,0.973,"NBA004"
"180",180,52,1,19,89,0.397,3.786,"NBA025"
"181",181,39,2,2,46,4.004,3.356,"NBA012"
"182",182,33,2,13,40,0.181,2.699,"NBA002"
"183",183,24,1,7,21,0.52,0.803,"NBA002"
"184",184,47,1,29,129,20.561,12.076,"NBA018"
"185",185,41,3,2,15,1.961,1.984,"NBA000"
"186",186,26,2,6,45,6.049,5.651,"NBA007"
"187",187,48,1,3,24,0.764,0.916,"NBA007"
"188",188,37,1,13,24,0.602,1.534,"NBA005"
"189",189,37,1,20,41,0.899,4.39,"NBA013"
"190",190,46,4,7,73,0.556,0.247,"NBA016"
"191",191,30,1,8,27,3.744,1.737,"NBA011"
"192",192,47,1,15,30,2.212,5.138,"NBA001"
"193",193,37,3,16,75,0.022,0.053,"NBA008"
"194",194,37,2,0,31,0.118,0.161,"NBA013"
"195",195,40,2,15,73,1.033,1.449,"NBA016"
"196",196,35,3,5,30,1.526,1.654,"NBA013"
"197",197,21,2,0,16,0.15,0.938,"NBA001"
"198",198,52,1,24,64,3.93,2.47,"NBA014"
"199",199,47,3,16,221,15.792,23.104,"NBA026"
"200",200,41,3,0,26,0.099,0.343,"NBA021"
"201",201,47,1,27,113,2.381,8.015,"NBA008"
"202",202,38,2,0,21,0.612,0.354,"NBA018"
"203",203,22,3,1,25,1.977,1.473,"NBA003"
"204",204,39,1,8,21,0.276,0.564,"NBA000"
"205",205,45,1,8,27,0.416,0.286,"NBA025"
"206",206,51,1,10,44,4.96,0.848,"NBA001"
"207",207,33,2,10,26,0.031,0.775,"NBA004"
"208",208,43,1,25,242,1.636,4.656,"NBA016"
"209",209,40,1,22,95,0.633,2.787,"NBA004"
"210",210,27,4,2,23,0.32,0.991,"NBA008"
"211",211,31,1,11,25,0.141,2.134,"NBA008"
"212",212,34,1,10,48,0.264,2.184,"NBA012"
"213",213,37,1,9,57,1.357,1.778,"NBA008"
"214",214,44,4,18,78,0.565,0.215,"NBA023"
"215",215,42,1,3,24,0.667,1.877,"NBA010"
"216",216,25,1,3,16,1.011,1.837,"NBA002"
"217",217,39,2,7,68,1.017,7.823,"NBA002"
"218",218,26,4,1,64,7.754,7.158,"NBA006"
"219",219,36,1,19,45,0.92,4.525,"NBA008"
"220",220,48,1,15,60,0.321,0.939,"NBA005"
"221",221,21,2,0,21,0.488,2.137,"NBA002"
"222",222,40,3,17,116,2.561,4.399,"NBA011"
"223",223,31,2,9,30,0.602,1.138,"NBA001"
"224",224,23,4,0,23,0.468,1.073,"NBA002"
"225",225,31,1,6,21,0.729,1.014,"NBA009"
"226",226,31,1,7,23,0.225,0.902,"NBA010"
"227",227,50,3,18,102,5.782,8.6,"NBA027"
"228",228,29,1,1,31,0.156,2.324,"NBA008"
"229",229,37,3,5,29,1.405,5.729,"NBA017"
"230",230,46,1,16,52,3.032,3.676,"NBA018"
"231",231,39,1,9,35,0.233,1.517,"NBA006"
"232",232,34,1,14,28,1.138,3.622,"NBA008"
"233",233,27,1,11,56,4.637,4.827,"NBA008"
"234",234,23,1,6,15,1.375,0.53,"NBA002"
"235",235,41,1,24,83,6.589,5.031,"NBA012"
"236",236,29,1,1,18,0.03,0.168,"NBA001"
"237",237,44,1,19,40,0.344,4.016,"NBA009"
"238",238,24,2,0,15,0.321,2.094,"NBA002"
"239",239,32,3,9,51,2.686,9.044,"NBA010"
"240",240,23,2,3,34,0.262,1.234,"NBA004"
"241",241,31,1,4,28,0.291,2.873,"NBA010"
"242",242,36,1,15,39,0.686,0.562,"NBA010"
"243",243,25,1,3,31,0.881,1.63,"NBA005"
"244",244,26,1,10,32,0.126,1.378,"NBA002"
"245",245,43,1,4,26,0.751,1.095,"NBA011"
"246",246,47,1,29,169,0.349,3.369,"NBA020"
"247",247,43,1,10,69,0.411,4.005,"NBA009"
"248",248,37,1,18,54,4.593,1.941,"NBA008"
"249",249,35,4,10,45,1.04,2.785,"NBA012"
"250",250,28,4,1,26,0.377,2.847,"NBA003"
"251",251,28,1,8,30,0.613,1.547,"NBA006"
"252",252,26,3,2,37,0.205,5.049,"NBA001"
"253",253,39,1,10,31,0.185,1.303,"NBA004"
"254",254,34,2,3,21,1.402,3.449,"NBA008"
"255",255,51,3,16,82,2.605,1.003,"NBA025"
"256",256,28,2,3,41,5.897,4.394,"NBA004"
"257",257,39,1,20,39,0.774,2.424,"NBA012"
"258",258,23,1,3,19,0.279,1.317,"NBA000"
"259",259,23,1,3,13,0.046,0.357,"NBA004"
"260",260,21,1,4,26,1.421,0.893,"NBA000"
"261",261,40,1,3,23,0.409,1.178,"NBA013"
"262",262,26,4,1,92,6.506,5.454,"NBA005"
"263",263,32,2,12,54,3.196,4.58,"NBA001"
"264",264,29,3,3,50,0.259,0.941,"NBA003"
"265",265,43,1,25,64,0.951,9.737,"NBA021"
"266",266,55,1,3,40,0.563,2.637,"NBA011"
"267",267,30,1,12,40,1.249,1.551,"NBA004"
"268",268,38,3,15,63,5.091,3.351,"NBA018"
"269",269,40,1,2,28,0.185,1.803,"NBA003"
"270",270,43,1,12,38,0.129,1.239,"NBA011"
"271",271,35,2,1,24,0.591,2.409,"NBA008"
"272",272,24,1,8,24,0.382,0.818,"NBA004"
"273",273,35,1,11,40,0.572,0.588,"NBA009"
"274",274,39,2,18,47,1.565,2.007,"NBA018"
"275",275,41,2,5,25,0.393,2.157,"NBA005"
"276",276,28,1,2,17,0.199,0.226,"NBA002"
"277",277,24,2,2,28,1.787,3.057,"NBA000"
"278",278,40,3,3,55,1.751,7.324,"NBA015"
"279",279,29,1,8,27,0.402,2.244,"NBA006"
"280",280,26,2,4,28,0.226,2.434,"NBA003"
"281",281,27,1,5,26,0.13,0.182,"NBA005"
"282",282,50,1,30,150,13.553,35.197,"NBA008"
"283",283,41,1,15,120,2.659,0.821,"NBA014"
"284",284,26,1,0,14,0.256,1.214,"NBA000"
"285",285,48,1,22,100,3.704,5.396,"NBA015"
"286",286,35,2,1,24,0.417,1.455,"NBA011"
"287",287,35,1,15,77,5.501,2.661,"NBA001"
"288",288,23,1,7,31,0.338,1.708,"NBA002"
"289",289,39,2,20,101,0.341,1.073,"NBA017"
"290",290,38,1,21,58,4.584,4.986,"NBA016"
"291",291,30,1,4,33,0.5,0.886,"NBA000"
"292",292,44,2,8,43,0.555,1.595,"NBA018"
"293",293,33,1,0,23,0.077,0.13,"NBA012"
"294",294,34,1,15,39,4.373,5.26,"NBA002"
"295",295,27,2,6,34,0.238,1.258,"NBA001"
"296",296,30,1,1,22,1.139,1.171,"NBA010"
"297",297,27,2,1,20,0.377,1.683,"NBA000"
"298",298,29,1,9,30,0.155,2.305,"NBA008"
"299",299,25,4,1,34,0.133,2.757,"NBA001"
"300",300,41,1,23,91,0.573,11.894,"NBA002"
"301",301,42,2,11,73,2.869,2.095,"NBA005"
"302",302,38,3,12,64,0.895,2.817,"NBA018"
"303",303,23,1,5,17,0.302,1.041,"NBA002"
"304",304,33,1,2,24,1.041,1.263,"NBA010"
"305",305,31,1,2,22,1.739,1.869,"NBA002"
"306",306,37,2,6,62,1.186,4.084,"NBA013"
"307",307,40,1,10,45,2.013,6.447,"NBA015"
"308",308,31,1,3,16,3.065,2.103,"NBA005"
"309",309,35,2,3,40,1.803,5.077,"NBA011"
"310",310,38,1,6,41,0.266,3.383,"NBA000"
"311",311,30,2,8,56,0.333,3.251,"NBA004"
"312",312,30,1,1,17,0.746,1.124,"NBA008"
"313",313,44,1,2,22,1.092,1.02,"NBA015"
"314",314,29,2,3,15,0.147,0.243,"NBA008"
"315",315,39,1,19,45,0.916,0.749,"NBA016"
"316",316,26,1,0,17,0.142,0.708,"NBA005"
"317",317,36,1,5,27,0.724,1.166,"NBA002"
"318",318,31,2,0,27,1.089,2.367,"NBA004"
"319",319,38,2,12,40,0.898,1.142,"NBA014"
"320",320,38,1,0,23,0.898,0.965,"NBA008"
"321",321,41,3,13,91,2.316,20.616,"NBA013"
"322",322,41,2,2,30,0.113,1.897,"NBA022"
"323",323,45,3,5,94,3.612,6.258,"NBA017"
"324",324,24,1,4,23,0.242,0.885,"NBA001"
"325",325,22,1,4,16,0.084,0.108,"NBA001"
"326",326,34,1,13,56,0.864,2.552,"NBA008"
"327",327,25,1,0,18,0.514,2.888,"NBA002"
"328",328,29,2,6,18,0.45,0.468,"NBA007"
"329",329,35,2,13,105,1.418,0.577,"NBA003"
"330",330,39,1,19,48,1.93,4.358,"NBA005"
"331",331,34,1,17,59,1.808,2.912,"NBA003"
"332",332,44,2,21,113,3.192,11.724,"NBA014"
"333",333,23,2,0,21,0.776,1.618,"NBA002"
"334",334,46,1,6,31,1.986,1.796,"NBA019"
"335",335,41,4,9,47,0.437,1.913,"NBA013"
"336",336,52,1,9,24,0.802,3.806,"NBA011"
"337",337,23,1,1,17,0.012,0.26,"NBA000"
"338",338,48,1,28,70,4.334,4.066,"NBA025"
"339",339,35,1,10,24,1.084,4.028,"NBA003"
"340",340,53,2,16,44,1.333,1.131,"NBA031"
"341",341,39,3,11,39,2.561,2.47,"NBA017"
"342",342,37,1,20,56,0.543,0.521,"NBA002"
"343",343,34,1,12,32,0.239,0.625,"NBA015"
"344",344,49,2,2,20,0.379,3.001,"NBA013"
"345",345,39,1,23,75,3.133,11.042,"NBA001"
"346",346,42,2,7,41,0.941,0.945,"NBA023"
"347",347,28,2,1,16,0.574,1.778,"NBA004"
"348",348,27,3,5,75,2.207,2.518,"NBA001"
"349",349,24,1,2,21,0.025,0.101,"NBA001"
"350",350,34,1,5,33,0.778,1.631,"NBA003"
"351",351,47,1,31,136,14.231,17.185,"NBA009"
"352",352,26,4,1,27,0.312,0.471,"NBA007"
"353",353,35,1,17,42,0.093,1.167,"NBA004"
"354",354,31,1,6,33,0.146,1.24,"NBA012"
"355",355,29,1,13,27,0.069,0.552,"NBA007"
"356",356,44,1,9,33,0.546,1.17,"NBA020"
"357",357,40,2,13,102,6.227,13.051,"NBA011"
"358",358,36,4,1,30,0.324,3.126,"NBA017"
"359",359,32,3,6,22,0.385,1.089,"NBA012"
"360",360,21,1,1,18,0.159,2.955,"NBA001"
"361",361,42,4,15,186,2.404,4.292,"NBA008"
"362",362,37,2,4,20,0.174,4.166,"NBA011"
"363",363,24,1,6,21,0.108,0.984,"NBA002"
"364",364,24,4,0,29,0.59,1.324,"NBA003"
"365",365,46,3,4,73,2.223,1.719,"NBA017"
"366",366,28,1,2,16,0.871,1.561,"NBA009"
"367",367,41,1,16,68,0.448,3.224,"NBA017"
"368",368,46,5,15,126,0.477,3.429,"NBA000"
"369",369,51,2,22,120,4.14,4.98,"NBA023"
"370",370,36,1,17,54,0.727,1.649,"NBA006"
"371",371,25,1,1,20,0.472,0.868,"NBA000"
"372",372,27,2,3,33,1.633,2.723,"NBA005"
"373",373,43,1,23,72,1.182,4.29,"NBA019"
"374",374,53,1,6,27,0.594,1.134,"NBA007"
"375",375,32,1,4,16,0.894,3.666,"NBA003"
"376",376,36,1,0,25,2.778,2.147,"NBA013"
"377",377,29,2,9,30,3.646,2.864,"NBA008"
"378",378,35,1,18,42,0.205,2.903,"NBA002"
"379",379,32,2,0,18,0.296,0.748,"NBA006"
"380",380,25,2,1,14,0.233,1.153,"NBA003"
"381",381,42,1,2,30,1.472,1.438,"NBA016"
"382",382,25,1,9,20,0.105,0.595,"NBA002"
"383",383,20,3,0,17,0.044,0.347,"NBA001"
"384",384,50,1,4,23,0.141,2.734,"NBA004"
"385",385,46,2,22,144,3.325,12.659,"NBA017"
"386",386,33,1,15,32,0.491,1.941,"NBA003"
"387",387,43,1,19,79,0.782,5.143,"NBA011"
"388",388,30,2,4,21,0.492,3.351,"NBA004"
"389",389,34,1,3,36,0.624,1.068,"NBA014"
"390",390,37,1,3,25,0.276,0.649,"NBA003"
"391",391,38,1,4,19,1.245,1.339,"NBA009"
"392",392,32,2,11,57,5.44,8.126,"NBA004"
"393",393,39,1,15,39,0.14,0.562,"NBA016"
"394",394,31,1,7,41,2.996,9.591,"NBA011"
"395",395,25,1,5,22,0.403,1.995,"NBA005"
"396",396,31,2,12,44,1.867,2.357,"NBA008"
"397",397,29,2,0,23,1.242,0.598,"NBA007"
"398",398,45,2,21,132,2.558,1.402,"NBA026"
"399",399,39,1,4,38,1.178,1.292,"NBA009"
"400",400,34,1,4,23,0.617,0.671,"NBA006"
"401",401,24,2,3,24,2.173,2.411,"NBA001"
"402",402,30,1,10,19,0.336,0.5,"NBA002"
"403",403,30,1,0,19,0.624,2.53,"NBA008"
"404",404,27,1,0,18,0.583,1.721,"NBA007"
"405",405,31,1,5,25,1.177,2.348,"NBA003"
"406",406,47,3,9,52,2.54,7.912,"NBA001"
"407",407,47,2,4,33,1.195,1.148,"NBA009"
"408",408,45,2,15,51,1.551,7.68,"NBA014"
"409",409,31,4,7,97,1.827,3.993,"NBA012"
"410",410,45,1,7,29,0.739,1.03,"NBA017"
"411",411,29,1,12,40,1.632,1.048,"NBA002"
"412",412,36,2,12,60,1.721,3.019,"NBA013"
"413",413,29,2,10,44,3.703,4.261,"NBA008"
"414",414,39,1,2,22,1.916,3.166,"NBA015"
"415",415,22,2,0,35,0.781,2.369,"NBA001"
"416",416,46,1,14,35,1.349,2.221,"NBA025"
"417",417,38,1,21,65,2.533,8.387,"NBA017"
"418",418,37,1,1,24,1.801,1.823,"NBA003"
"419",419,42,1,12,51,2.412,8.502,"NBA011"
"420",420,36,1,4,25,0.144,0.856,"NBA017"
"421",421,34,1,18,53,0.84,4.725,"NBA010"
"422",422,38,3,12,63,5.715,4.365,"NBA014"
"423",423,27,1,11,21,0.915,1.479,"NBA001"
"424",424,35,2,9,30,0.65,1.63,"NBA016"
"425",425,48,1,10,70,10.679,9.061,"NBA000"
"426",426,45,2,18,35,0.548,5.542,"NBA019"
"427",427,43,1,4,29,0.053,1.281,"NBA002"
"428",428,54,1,9,28,1.558,2.586,"NBA002"
"429",429,35,3,7,38,1.383,4.355,"NBA005"
"430",430,28,1,4,19,0.287,0.492,"NBA007"
"431",431,39,1,16,52,4.16,6.24,"NBA004"
"432",432,43,1,8,32,1.234,4.846,"NBA000"
"433",433,32,2,2,15,0.119,1.246,"NBA011"
"434",434,22,3,0,18,0.478,0.908,"NBA001"
"435",435,41,3,18,71,6.566,4.581,"NBA006"
"436",436,34,2,4,25,0.57,0.88,"NBA010"
"437",437,34,2,9,27,0.295,0.164,"NBA007"
"438",438,31,1,1,24,0.217,0.863,"NBA001"
"439",439,55,1,19,78,4.405,7.763,"NBA002"
"440",440,40,1,21,46,0.967,1.885,"NBA021"
"441",441,41,1,13,44,0.071,0.677,"NBA010"
"442",442,43,2,10,37,0.676,2.469,"NBA024"
"443",443,36,1,6,26,0.03,2.128,"NBA009"
"444",444,51,2,31,249,4.273,15.149,"NBA014"
"445",445,40,1,17,55,2.126,4.144,"NBA005"
"446",446,27,3,5,42,2.708,5.65,"NBA004"
"447",447,36,2,11,49,0.273,0.364,"NBA008"
"448",448,38,1,5,54,1.5,4.224,"NBA005"
"449",449,47,1,17,43,0.588,1.82,"NBA021"
"450",450,33,1,13,42,0.228,1.284,"NBA013"
"451",451,41,3,12,86,4.991,17.799,"NBA011"
"452",452,33,1,9,29,1.349,2.653,"NBA004"
"453",453,21,3,0,26,1.53,0.472,"NBA001"
"454",454,34,1,0,21,0.187,1.325,"NBA001"
"455",455,51,2,27,166,0.821,18.269,"NBA021"
"456",456,36,2,0,30,0.329,2.581,"NBA017"
"457",457,23,2,0,17,2.044,2.665,"NBA001"
"458",458,34,1,4,28,1.058,1.574,"NBA003"
"459",459,29,1,7,22,0.551,1.583,"NBA009"
"460",460,46,3,9,60,1.607,7.574,"NBA010"
"461",461,45,3,2,39,0.459,1.452,"NBA005"
"462",462,41,3,17,176,11.359,5.009,"NBA012"
"463",463,28,1,4,16,1.085,2.723,"NBA001"
"464",464,37,1,6,29,1.716,3.011,"NBA009"
"465",465,25,1,8,35,0.077,0.938,"NBA001"
"466",466,48,3,0,19,0.85,1.202,"NBA027"
"467",467,37,3,12,83,0.32,3.083,"NBA008"
"468",468,32,1,3,23,0.053,1.373,"NBA010"
"469",469,31,1,15,60,0.804,2.076,"NBA002"
"470",470,48,4,14,59,4.936,4.799,"NBA010"
"471",471,45,1,22,91,1.256,9.391,"NBA024"
"472",472,41,2,6,36,1.486,3.518,"NBA007"
"473",473,39,1,19,46,2.516,1.67,"NBA008"
"474",474,41,1,19,96,2.254,5.234,"NBA001"
"475",475,50,2,15,60,0.468,0.192,"NBA031"
"476",476,22,3,0,23,0.373,1.559,"NBA000"
"477",477,43,2,6,54,0.622,4.562,"NBA024"
"478",478,33,1,8,27,0.777,0.789,"NBA007"
"479",479,29,1,11,32,0.927,0.993,"NBA007"
"480",480,24,1,3,21,2.682,3.387,"NBA003"
"481",481,27,1,6,52,1.902,5.274,"NBA002"
"482",482,37,4,1,33,2.694,2.619,"NBA014"
"483",483,34,2,8,78,2.157,2.055,"NBA006"
"484",484,22,1,1,17,0.806,2.356,"NBA003"
"485",485,41,1,4,25,1.06,1.464,"NBA019"
"486",486,32,2,7,32,0.433,0.943,"NBA010"
"487",487,35,1,15,40,1.214,6.186,"NBA011"
"488",488,41,1,24,100,5.06,6.44,"NBA015"
"489",489,21,2,1,16,0.242,2.638,"NBA002"
"490",490,23,1,2,25,0.124,1.001,"NBA001"
"491",491,25,1,6,22,2.262,2.182,"NBA006"
"492",492,40,1,12,89,2.772,12.714,"NBA006"
"493",493,38,1,11,35,1.266,1.534,"NBA013"
"494",494,49,2,14,63,0.936,9.018,"NBA026"
"495",495,40,1,13,28,0.965,0.687,"NBA002"
"496",496,29,2,1,25,0.569,2.031,"NBA007"
"497",497,25,1,3,18,0.352,2.582,"NBA002"
"498",498,33,1,14,72,15.017,14.719,"NBA008"
"499",499,37,2,11,47,1.597,2.915,"NBA011"
"500",500,24,1,1,18,0.239,0.823,"NBA000"
"501",501,29,2,4,37,1.16,1.282,"NBA003"
"502",502,28,2,0,29,2.148,1.709,"NBA007"
"503",503,37,2,15,108,5.251,7.493,"NBA011"
"504",504,47,2,27,107,1.638,4.889,"NBA007"
"505",505,31,2,2,26,0.283,1.485,"NBA001"
"506",506,28,3,5,44,0.773,3.055,"NBA009"
"507",507,39,2,15,32,0.422,1.146,"NBA019"
"508",508,33,2,2,35,2.124,5.891,"NBA014"
"509",509,41,2,19,68,1.507,2.437,"NBA002"
"510",510,29,2,1,29,2.33,3.818,"NBA007"
"511",511,31,1,2,22,1.092,1.702,"NBA004"
"512",512,28,4,0,38,0.636,3.316,"NBA005"
"513",513,35,1,0,34,1.37,2.404,"NBA005"
"514",514,54,1,25,120,14.596,17.204,"NBA012"
"515",515,39,1,19,53,0.19,1.771,"NBA016"
"516",516,46,1,9,31,1.617,2.661,"NBA023"
"517",517,23,2,3,22,1.274,1.234,"NBA003"
"518",518,28,2,6,38,0.774,1.962,"NBA007"
"519",519,24,1,3,15,0.073,1.622,"NBA005"
"520",520,41,2,7,63,4.638,5.064,"NBA017"
"521",521,43,2,9,60,4.039,8.201,"NBA005"
"522",522,27,3,3,35,1.601,3.054,"NBA004"
"523",523,33,4,4,22,0.566,0.644,"NBA012"
"524",524,28,1,2,18,1.939,0.725,"NBA000"
"525",525,48,1,13,38,0.722,3.382,"NBA011"
"526",526,35,3,1,20,0.853,0.727,"NBA004"
"527",527,31,1,11,28,0.345,0.999,"NBA006"
"528",528,42,2,14,48,1.201,2.927,"NBA001"
"529",529,29,1,1,18,1.981,2.627,"NBA003"
"530",530,36,1,4,17,0.521,2.42,"NBA015"
"531",531,29,1,4,24,0.867,1.005,"NBA000"
"532",532,31,1,12,31,2.057,5.29,"NBA004"
"533",533,43,4,18,446,16.031,12.959,"NBA014"
"534",534,41,2,13,93,9.542,4.129,"NBA001"
"535",535,31,1,9,28,0.048,0.624,"NBA010"
"536",536,31,1,6,45,0.585,2.7,"NBA001"
"537",537,28,2,2,23,0.187,1.285,"NBA003"
"538",538,35,1,7,29,0.264,1.157,"NBA014"
"539",539,38,1,5,21,0.45,1.44,"NBA013"
"540",540,40,1,14,43,2.793,3.657,"NBA021"
"541",541,39,1,20,116,2.24,2.516,"NBA008"
"542",542,38,2,8,38,0.029,0.199,"NBA016"
"543",543,27,3,4,40,0.284,0.956,"NBA001"
"544",544,49,1,11,39,2.458,1.481,"NBA005"
"545",545,38,1,18,45,0.535,2.615,"NBA007"
"546",546,43,1,16,89,0.159,0.197,"NBA007"
"547",547,36,2,9,49,0.818,3.396,"NBA006"
"548",548,37,1,4,23,0.87,1.982,"NBA000"
"549",549,46,3,22,99,0.827,1.45,"NBA004"
"550",550,22,2,0,20,0.207,0.913,"NBA003"
"551",551,47,1,13,51,3.739,8.399,"NBA025"
"552",552,47,3,16,266,2.192,3.128,"NBA007"
"553",553,30,4,2,25,1.77,0.73,"NBA008"
"554",554,51,2,19,159,1.068,3.384,"NBA025"
"555",555,28,1,10,42,1.047,2.565,"NBA001"
"556",556,50,1,6,21,1.317,1.392,"NBA027"
"557",557,43,1,24,254,7.002,12.556,"NBA022"
"558",558,46,2,9,15,0.015,0.63,"NBA026"
"559",559,29,1,7,20,1.006,2.954,"NBA005"
"560",560,26,1,1,21,0.608,0.421,"NBA000"
"561",561,45,1,14,46,1.262,1.084,"NBA026"
"562",562,39,1,22,52,1.155,0.509,"NBA003"
"563",563,30,2,10,22,1.41,2.132,"NBA004"
"564",564,41,3,7,56,0.374,7.746,"NBA006"
"565",565,25,2,4,27,0.549,0.801,"NBA005"
"566",566,34,1,16,48,1.474,2.174,"NBA009"
"567",567,44,3,7,78,3.153,5.037,"NBA016"
"568",568,25,1,4,23,0.252,0.944,"NBA000"
"569",569,39,1,20,67,3.834,16.668,"NBA009"
"570",570,26,1,4,20,0.319,0.761,"NBA003"
"571",571,31,1,8,41,0.134,5.032,"NBA003"
"572",572,40,3,5,220,8.166,27.034,"NBA003"
"573",573,42,1,6,31,1.025,2.571,"NBA009"
"574",574,23,1,1,21,1.21,0.554,"NBA000"
"575",575,34,1,9,48,0.42,4.044,"NBA008"
"576",576,28,4,0,29,1.425,5.593,"NBA007"
"577",577,29,1,6,21,1.11,2.691,"NBA007"
"578",578,29,2,3,26,0.538,1.048,"NBA006"
"579",579,24,2,2,26,0.888,1.634,"NBA003"
"580",580,53,1,9,50,2.016,3.584,"NBA018"
"581",581,39,1,19,60,9.593,6.667,"NBA015"
"582",582,28,4,2,41,0.459,0.566,"NBA004"
"583",583,38,1,16,37,0.083,3.099,"NBA008"
"584",584,39,1,12,46,0.561,1.739,"NBA010"
"585",585,38,1,18,44,0.606,1.374,"NBA019"
"586",586,34,4,6,27,1.982,7.549,"NBA003"
"587",587,31,1,11,45,2.739,4.911,"NBA012"
"588",588,40,1,2,32,0.854,0.33,"NBA004"
"589",589,32,1,8,26,0.326,0.74,"NBA006"
"590",590,35,2,12,64,1.45,8.15,"NBA012"
"591",591,29,2,3,32,1.071,1.809,"NBA009"
"592",592,44,2,12,86,1.476,9.704,"NBA005"
"593",593,48,2,9,44,2.134,0.462,"NBA022"
"594",594,41,2,6,36,4.514,2.506,"NBA000"
"595",595,28,1,0,28,2.284,7.04,"NBA002"
"596",596,29,1,3,23,1.104,1.035,"NBA010"
"597",597,24,1,1,16,0.878,0.274,"NBA004"
"598",598,25,1,9,18,0.066,0.15,"NBA004"
"599",599,43,2,16,83,0.259,3.144,"NBA010"
"600",600,45,1,12,37,1.343,2.172,"NBA019"
"601",601,35,1,13,35,0.432,1.143,"NBA015"
"602",602,34,1,13,51,1.875,3.021,"NBA011"
"603",603,29,1,2,14,0.587,1.429,"NBA000"
"604",604,32,2,11,75,7.759,9.716,"NBA006"
"605",605,27,3,6,26,0.93,1.774,"NBA004"
"606",606,39,1,16,57,1.559,9.499,"NBA020"
"607",607,37,4,2,29,2.782,1.684,"NBA001"
"608",608,31,4,1,29,1.065,2.154,"NBA006"
"609",609,28,1,4,28,0.437,3.539,"NBA002"
"610",610,27,2,8,38,0.364,2.258,"NBA004"
"611",611,31,1,8,27,0.674,0.784,"NBA004"
"612",612,31,1,9,26,0.31,0.86,"NBA005"
"613",613,32,1,0,20,0.263,0.337,"NBA004"
"614",614,29,2,9,36,0.127,0.377,"NBA003"
"615",615,31,2,9,53,1.195,5.96,"NBA008"
"616",616,32,2,5,43,1.806,4.644,"NBA005"
"617",617,39,1,6,42,2.541,5.817,"NBA019"
"618",618,27,2,7,30,0.448,0.752,"NBA008"
"619",619,29,1,13,42,1.458,1.65,"NBA001"
"620",620,31,1,11,34,0.298,2.014,"NBA006"
"621",621,41,2,22,75,9.877,7.823,"NBA017"
"622",622,30,1,1,27,1.275,2.046,"NBA001"
"623",623,35,2,0,22,1.97,1.33,"NBA016"
"624",624,38,2,2,22,1.209,3.785,"NBA016"
"625",625,29,1,1,17,0.157,0.982,"NBA009"
"626",626,37,1,7,32,2.697,3.575,"NBA003"
"627",627,26,1,8,25,0.21,0.965,"NBA004"
"628",628,27,1,0,16,0.13,0.046,"NBA005"
"629",629,42,2,18,66,1.641,4.695,"NBA023"
"630",630,45,3,8,140,4.184,15.276,"NBA001"
"631",631,51,4,15,26,2.012,1.524,"NBA030"
"632",632,36,1,10,28,0.815,2.321,"NBA000"
"633",633,48,1,17,66,1.468,0.644,"NBA022"
"634",634,45,1,10,52,0.932,1.876,"NBA014"
"635",635,47,1,16,110,5.821,8.039,"NBA019"
"636",636,26,1,6,22,0.721,1.545,"NBA000"
"637",637,35,1,12,30,1.899,2.721,"NBA003"
"638",638,50,3,10,80,2.479,7.281,"NBA020"
"639",639,30,1,11,33,0.682,2.09,"NBA001"
"640",640,49,2,22,79,0.288,5.479,"NBA004"
"641",641,36,1,1,16,0.433,1.055,"NBA004"
"642",642,24,2,3,19,0.359,0.458,"NBA000"
"643",643,42,5,6,190,3.157,11.663,"NBA023"
"644",644,28,2,0,30,0.121,1.319,"NBA003"
"645",645,52,2,12,76,0.995,4.857,"NBA016"
"646",646,39,2,9,56,4.765,5.707,"NBA016"
"647",647,40,2,15,138,1.222,4.436,"NBA019"
"648",648,29,2,0,22,1.039,1.799,"NBA008"
"649",649,40,1,8,28,0.534,0.474,"NBA017"
"650",650,27,1,10,34,0.851,1.359,"NBA006"
"651",651,24,3,2,16,0.27,0.754,"NBA005"
"652",652,26,2,5,28,1.024,1.16,"NBA007"
"653",653,40,3,16,116,1.614,12.422,"NBA006"
"654",654,50,2,16,71,1.663,6.218,"NBA014"
"655",655,30,1,0,20,0.622,0.458,"NBA002"
"656",656,26,2,6,30,0.144,0.156,"NBA006"
"657",657,35,1,10,28,0.11,0.254,"NBA008"
"658",658,37,3,16,50,7.32,10.98,"NBA014"
"659",659,52,5,9,70,1.329,5.251,"NBA000"
"660",660,24,1,5,46,0.53,1.218,"NBA001"
"661",661,28,1,3,26,0.432,2.168,"NBA006"
"662",662,29,2,6,57,0.453,0.801,"NBA007"
"663",663,35,1,11,77,1.1,2.519,"NBA012"
"664",664,54,1,18,114,3.295,6.395,"NBA034"
"665",665,32,1,10,32,1.168,2.448,"NBA013"
"666",666,32,1,11,53,0.089,1.66,"NBA002"
"667",667,36,1,14,81,1.785,4.047,"NBA011"
"668",668,31,1,12,24,0.442,1.142,"NBA009"
"669",669,28,1,11,24,0.107,0.469,"NBA006"
"670",670,34,1,10,33,2.502,0.897,"NBA001"
"671",671,53,4,7,61,1.875,2.944,"NBA011"
"672",672,50,1,8,47,0.399,2.844,"NBA027"
"673",673,52,4,13,234,7.387,10.631,"NBA017"
"674",674,30,2,4,15,0.35,0.625,"NBA008"
"675",675,26,2,0,28,1.271,1.333,"NBA007"
"676",676,42,2,21,121,1.365,2.386,"NBA011"
"677",677,27,1,6,43,0.883,1.224,"NBA006"
"678",678,41,1,14,52,0.926,2.87,"NBA008"
"679",679,27,1,10,31,1.362,4.001,"NBA006"
"680",680,32,1,12,33,0.795,2.901,"NBA010"
"681",681,37,1,12,44,2.995,3.473,"NBA014"
"682",682,29,1,3,17,0.47,1.06,"NBA001"
"683",683,27,1,9,45,2.852,5.158,"NBA006"
"684",684,50,3,25,94,1.734,3.248,"NBA007"
"685",685,21,3,0,24,0.833,1.015,"NBA002"
"686",686,41,4,14,44,0.353,0.395,"NBA003"
"687",687,23,2,1,18,0.885,2.481,"NBA003"
"688",688,45,2,9,69,0.707,3.916,"NBA026"
"689",689,45,2,2,29,0.443,1.123,"NBA019"
"690",690,33,1,6,21,0.567,1.008,"NBA014"
"691",691,21,1,1,16,0.141,0.867,"NBA001"
"692",692,40,1,6,36,0.391,0.365,"NBA009"
"693",693,40,2,3,28,0.553,2.107,"NBA002"
"694",694,56,1,11,59,4.673,4.177,"NBA020"
"695",695,26,1,2,22,0.237,1.171,"NBA005"
"696",696,29,1,6,46,1.17,1.314,"NBA004"
"697",697,29,2,6,65,1.985,9.975,"NBA010"
"698",698,39,1,13,27,0.966,1.194,"NBA009"
"699",699,27,2,1,23,0.285,2.567,"NBA000"
"700",700,25,1,1,15,0.371,1.339,"NBA006"
"701",701,36,5,5,20,0.729,0.891,"NBA012"
"702",702,35,1,7,39,1.702,4.577,"NBA005"
"703",703,25,2,4,33,0.553,1.163,"NBA006"
"704",704,21,2,2,20,0.291,0.609,"NBA000"
"705",705,23,1,2,16,0.805,0.731,"NBA002"
"706",706,32,1,14,73,3.752,2.672,"NBA007"
"707",707,34,1,0,20,2.049,1.371,"NBA010"
"708",708,38,1,5,20,0.091,0.208,"NBA004"
"709",709,39,1,22,73,3.727,6.712,"NBA009"
"710",710,46,1,1,21,1.377,1.731,"NBA015"
"711",711,35,2,10,98,4.875,8.159,"NBA016"
"712",712,33,4,9,28,0.377,0.827,"NBA010"
"713",713,30,2,12,68,2.857,10.811,"NBA009"
"714",714,54,3,21,118,9.6,7.392,"NBA020"
"715",715,42,2,5,41,0.355,1.039,"NBA003"
"716",716,28,1,9,22,5.283,0.811,"NBA000"
"717",717,35,1,9,34,0.398,1.302,"NBA001"
"718",718,41,3,16,135,1.277,4.663,"NBA022"
"719",719,41,1,16,49,0.431,0.353,"NBA022"
"720",720,53,4,5,78,6.936,6.558,"NBA029"
"721",721,28,1,4,26,1.295,2.215,"NBA007"
"722",722,35,1,5,32,0.175,3.985,"NBA005"
"723",723,42,1,7,25,1.629,0.921,"NBA012"
"724",724,33,1,11,35,0.506,5.059,"NBA006"
"725",725,27,3,0,50,1.044,6.306,"NBA004"
"726",726,48,2,30,148,3.975,6.681,"NBA014"
"727",727,33,1,2,44,0.525,0.839,"NBA014"
"728",728,37,1,6,31,1.701,1.926,"NBA010"
"729",729,31,1,5,23,0.046,0.414,"NBA007"
"730",730,35,3,10,39,1.602,2.454,"NBA015"
"731",731,48,2,6,66,2.316,5.67,"NBA001"
"732",732,34,1,16,75,3.955,3.845,"NBA003"
"733",733,23,2,2,48,0.511,3.089,"NBA002"
"734",734,41,2,8,43,0.086,0.215,"NBA021"
"735",735,52,1,33,139,2.288,5.496,"NBA023"
"736",736,39,1,6,61,0.563,2.914,"NBA009"
"737",737,46,1,1,20,0.809,1.991,"NBA012"
"738",738,33,2,4,55,2.16,1.69,"NBA009"
"739",739,34,3,2,39,1.143,4.005,"NBA014"
"740",740,34,3,12,47,1.301,1.848,"NBA008"
"741",741,40,1,9,33,4.881,0.729,"NBA009"
"742",742,45,3,16,80,0.912,1.488,"NBA021"
"743",743,25,1,1,19,0.19,1.121,"NBA001"
"744",744,31,2,6,32,3.341,4.051,"NBA006"
"745",745,34,4,7,40,0.95,1.61,"NBA015"
"746",746,45,1,23,50,0.559,1.541,"NBA005"
"747",747,44,2,17,129,0.551,2.674,"NBA000"
"748",748,35,1,13,42,0.769,6.623,"NBA004"
"749",749,22,2,0,14,0.242,2.152,"NBA000"
"750",750,26,3,3,40,1.896,2.424,"NBA001"
"751",751,38,1,6,18,0.131,2.209,"NBA017"
"752",752,27,1,7,26,0.641,1.725,"NBA004"
"753",753,29,1,11,36,0.709,1.487,"NBA005"
"754",754,29,2,5,28,2.126,3.11,"NBA007"
"755",755,22,1,4,24,1.636,2.108,"NBA002"
"756",756,47,1,4,26,0.122,2.582,"NBA002"
"757",757,27,2,5,25,0.706,0.995,"NBA006"
"758",758,24,1,2,18,0.528,0.552,"NBA005"
"759",759,52,1,17,73,1.054,5.297,"NBA004"
"760",760,26,1,3,29,2.527,4.926,"NBA005"
"761",761,40,1,22,100,5.402,9.198,"NBA001"
"762",762,33,2,12,58,3.084,7.588,"NBA008"
"763",763,30,1,0,17,0.304,1.736,"NBA011"
"764",764,39,2,16,69,1.061,0.595,"NBA013"
"765",765,24,2,0,16,0.025,1.143,"NBA005"
"766",766,27,4,0,70,1.618,3.982,"NBA006"
"767",767,38,2,7,64,0.651,1.269,"NBA004"
"768",768,36,1,9,40,1.976,1.944,"NBA001"
"769",769,39,1,4,33,0.397,1.913,"NBA015"
"770",770,43,1,13,76,2.151,2.485,"NBA023"
"771",771,24,1,8,17,0.569,0.383,"NBA000"
"772",772,21,1,5,25,0.367,1.883,"NBA001"
"773",773,26,2,2,24,1.577,1.687,"NBA006"
"774",774,43,1,11,37,0.18,0.301,"NBA017"
"775",775,36,3,11,44,0.446,6.022,"NBA012"
"776",776,43,1,15,62,0.694,5.134,"NBA021"
"777",777,35,2,11,62,9.703,10.385,"NBA001"
"778",778,34,2,10,33,0.574,2.561,"NBA002"
"779",779,47,2,17,41,0.456,3.439,"NBA023"
"780",780,48,1,0,30,2.663,4.027,"NBA023"
"781",781,29,2,9,46,0.241,0.495,"NBA000"
"782",782,36,1,7,43,1.04,1.626,"NBA002"
"783",783,35,1,10,39,0.218,2.005,"NBA016"
"784",784,39,1,13,38,1.897,1.485,"NBA001"
"785",785,41,1,21,76,6.949,8.631,"NBA002"
"786",786,29,3,1,30,0.279,1.071,"NBA010"
"787",787,39,2,18,44,0.368,0.556,"NBA009"
"788",788,33,1,12,32,2.105,1.511,"NBA011"
"789",789,33,2,8,27,1.646,1,"NBA013"
"790",790,39,1,0,39,1.066,2.015,"NBA008"
"791",791,40,2,8,57,0.878,2.314,"NBA019"
"792",792,53,1,33,324,7.053,15.627,"NBA025"
"793",793,34,1,15,67,3.741,5.103,"NBA000"
"794",794,29,3,7,84,6.912,4.512,"NBA002"
"795",795,30,1,0,17,0.447,0.182,"NBA011"
"796",796,38,3,3,25,0.312,0.613,"NBA018"
"797",797,25,4,0,24,1.597,1.307,"NBA006"
"798",798,26,2,6,35,0.086,0.579,"NBA000"
"799",799,25,2,5,35,1.969,3.806,"NBA005"
"800",800,29,1,8,24,0.47,1.138,"NBA010"
"801",801,28,1,5,22,0.14,0.476,"NBA009"
"802",802,48,1,30,101,1.875,4.589,"NBA008"
"803",803,26,1,0,14,0.302,0.748,"NBA000"
"804",804,36,1,4,23,1.327,2.422,"NBA010"
"805",805,30,1,12,38,0.171,3.059,"NBA010"
"806",806,41,1,1,19,0.242,0.594,"NBA016"
"807",807,34,3,13,52,1.497,3.287,"NBA007"
"808",808,25,3,3,54,1.163,2.833,"NBA002"
"809",809,45,1,17,62,2.437,6.863,"NBA000"
"810",810,22,1,4,19,1.887,2.502,"NBA003"
"811",811,32,1,13,25,0.596,1.279,"NBA011"
"812",812,21,2,1,17,0.555,1.23,"NBA000"
"813",813,34,1,6,20,0.042,0.198,"NBA001"
"814",814,31,1,10,49,3.237,1.565,"NBA012"
"815",815,33,1,7,22,0.631,0.777,"NBA000"
"816",816,40,2,2,36,0.278,1.09,"NBA001"
"817",817,36,2,6,27,0.262,0.98,"NBA015"
"818",818,30,2,2,26,0.249,0.739,"NBA002"
"819",819,35,2,0,35,2.383,1.957,"NBA006"
"820",820,36,1,7,40,1.695,2.265,"NBA017"
"821",821,37,1,4,24,0.419,2.989,"NBA010"
"822",822,32,1,16,38,0.694,7.286,"NBA010"
"823",823,45,1,3,20,0.105,0.315,"NBA015"
"824",824,27,4,0,25,1.419,1.756,"NBA000"
"825",825,41,2,4,26,1.473,3.519,"NBA014"
"826",826,32,2,12,116,4.027,2.585,"NBA011"
"827",827,48,1,13,50,6.114,9.286,"NBA020"
"828",828,50,1,1,26,1.852,1.866,"NBA026"
"829",829,45,3,0,22,0.03,0.894,"NBA019"
"830",830,33,2,2,37,0.834,0.831,"NBA009"
"831",831,33,1,13,52,2.714,8.362,"NBA003"
"832",832,27,2,8,18,0.401,1.741,"NBA007"
"833",833,36,2,7,43,2.649,3.973,"NBA016"
"834",834,30,4,7,30,0.264,4.446,"NBA010"
"835",835,28,2,3,36,0.384,2.712,"NBA001"
"836",836,21,3,0,41,2.367,5.628,"NBA001"
"837",837,23,2,3,24,0.552,0.96,"NBA004"
"838",838,23,1,7,22,0.849,2.319,"NBA003"
"839",839,26,1,10,25,1.306,0.469,"NBA001"
"840",840,31,1,8,22,0.37,1.104,"NBA001"
"841",841,38,3,13,25,0.343,1.082,"NBA018"
"842",842,29,3,7,63,0.572,2.893,"NBA001"
"843",843,32,1,14,36,0.273,0.591,"NBA000"
"844",844,32,2,8,45,0.982,0.683,"NBA002"
"845",845,41,1,7,43,0.694,1.198,"NBA011"
"846",846,27,1,5,26,0.548,1.22,"NBA007"
"847",847,28,2,7,34,0.359,2.021,"NBA002"
"848",848,25,4,0,18,2.802,3.21,"NBA001"
"849",849,32,1,12,28,0.116,0.696,"NBA012"
"850",850,52,1,16,64,1.866,3.638,"NBA025"
